energy;distance;angle
-75.776261847;0.7000;100.0
-75.7771837999;0.7000;101.0
-75.778034029;0.7000;102.0
-75.7788139089;0.7000;103.0
-75.7795248078;0.7000;104.0
-75.7801680905;0.7000;105.0
-75.7807451208;0.7000;106.0
-75.7812572632;0.7000;107.0
-75.7817058854;0.7000;108.0
-75.7820923598;0.7000;109.0
-75.7824180656;0.7000;110.0
-75.7826843903;0.7000;111.0
-75.7828927311;0.7000;112.0
-75.7830444965;0.7000;113.0
-75.7831411075;0.7000;114.0
-75.783183999;0.7000;115.0
-75.7831746205;0.7000;116.0
-75.7831144373;0.7000;117.0
-75.7830049313;0.7000;118.0
-75.7828476017;0.7000;119.0
-75.7826439658;0.7000;120.0
-75.7823955591;0.7000;121.0
-75.7821039361;0.7000;122.0
-75.7817706702;0.7000;123.0
-75.7813973542;0.7000;124.0
-75.7809855998;0.7000;125.0
-75.7805370381;0.7000;126.0
-75.7800533188;0.7000;127.0
-75.77953611;0.7000;128.0
-75.7789870979;0.7000;129.0
-75.778407986;0.7000;130.0
-75.7778004944;0.7000;131.0
-75.7771663587;0.7000;132.0
-75.7765073296;0.7000;133.0
-75.7758251711;0.7000;134.0
-75.7751216596;0.7000;135.0
-75.7743985827;0.7000;136.0
-75.7736577374;0.7000;137.0
-75.7729009289;0.7000;138.0
-75.7721299687;0.7000;139.0
-75.7713466728;0.7000;140.0
-75.77055286;0.7000;141.0
-75.7697503498;0.7000;142.0
-75.7689409606;0.7000;143.0
-75.7681265072;0.7000;144.0
-75.7673087989;0.7000;145.0
-75.7664896369;0.7000;146.0
-75.7656708125;0.7000;147.0
-75.764854104;0.7000;148.0
-75.7640412749;0.7000;149.0
-75.7632340707;0.7000;150.0
-75.7624342169;0.7000;151.0
-75.7616434164;0.7000;152.0
-75.7608633462;0.7000;153.0
-75.7600956556;0.7000;154.0
-75.7593419631;0.7000;155.0
-75.7586038537;0.7000;156.0
-75.7578828765;0.7000;157.0
-75.7571805418;0.7000;158.0
-75.7564983185;0.7000;159.0
-75.7558376318;0.7000;160.0
-75.7070538081;0.7000;70.0
-75.7109812285;0.7000;71.0
-75.7147666922;0.7000;72.0
-75.7184149441;0.7000;73.0
-75.7219303888;0.7000;74.0
-75.7253171225;0.7000;75.0
-75.7285789611;0.7000;76.0
-75.7317194662;0.7000;77.0
-75.7347419692;0.7000;78.0
-75.7376495916;0.7000;79.0
-75.7404452653;0.7000;80.0
-75.7431317494;0.7000;81.0
-75.7457116469;0.7000;82.0
-75.7481874189;0.7000;83.0
-75.7505613981;0.7000;84.0
-75.7528358008;0.7000;85.0
-75.7550127383;0.7000;86.0
-75.7570942271;0.7000;87.0
-75.759082198;0.7000;88.0
-75.7609785046;0.7000;89.0
-75.7627849317;0.7000;90.0
-75.7645032018;0.7000;91.0
-75.7661349824;0.7000;92.0
-75.7676818915;0.7000;93.0
-75.7691455037;0.7000;94.0
-75.770527355;0.7000;95.0
-75.771828948;0.7000;96.0
-75.7730517558;0.7000;97.0
-75.7741972267;0.7000;98.0
-75.7752667874;0.7000;99.0
-75.8877978175;0.7500;100.0
-75.8885699604;0.7500;101.0
-75.8892734571;0.7500;102.0
-75.8899095453;0.7500;103.0
-75.8904794641;0.7500;104.0
-75.8909844557;0.7500;105.0
-75.8914257679;0.7500;106.0
-75.8918046555;0.7500;107.0
-75.8921223827;0.7500;108.0
-75.8923802245;0.7500;109.0
-75.8925794683;0.7500;110.0
-75.8927214155;0.7500;111.0
-75.8928073826;0.7500;112.0
-75.8928387028;0.7500;113.0
-75.8928167269;0.7500;114.0
-75.8927428246;0.7500;115.0
-75.8926183848;0.7500;116.0
-75.8924448173;0.7500;117.0
-75.8922235526;0.7500;118.0
-75.8919560432;0.7500;119.0
-75.8916437634;0.7500;120.0
-75.8912882102;0.7500;121.0
-75.8908909031;0.7500;122.0
-75.8904533844;0.7500;123.0
-75.889977219;0.7500;124.0
-75.8894639947;0.7500;125.0
-75.8889153212;0.7500;126.0
-75.8883328302;0.7500;127.0
-75.887718175;0.7500;128.0
-75.8870730295;0.7500;129.0
-75.8863990878;0.7500;130.0
-75.8856980629;0.7500;131.0
-75.8849716864;0.7500;132.0
-75.8842217069;0.7500;133.0
-75.883449889;0.7500;134.0
-75.8826580118;0.7500;135.0
-75.8818478682;0.7500;136.0
-75.8810212624;0.7500;137.0
-75.880180009;0.7500;138.0
-75.8793259312;0.7500;139.0
-75.8784608589;0.7500;140.0
-75.8775866266;0.7500;141.0
-75.876705072;0.7500;142.0
-75.8758180333;0.7500;143.0
-75.8749273474;0.7500;144.0
-75.8740348478;0.7500;145.0
-75.8731423618;0.7500;146.0
-75.8722517086;0.7500;147.0
-75.8713646964;0.7500;148.0
-75.8704831203;0.7500;149.0
-75.8696087594;0.7500;150.0
-75.8687433745;0.7500;151.0
-75.867888705;0.7500;152.0
-75.8670464662;0.7500;153.0
-75.8662183471;0.7500;154.0
-75.8654060069;0.7500;155.0
-75.8646110726;0.7500;156.0
-75.863835136;0.7500;157.0
-75.8630797509;0.7500;158.0
-75.8623464305;0.7500;159.0
-75.8616366442;0.7500;160.0
-75.8256504722;0.7500;70.0
-75.8292091603;0.7500;71.0
-75.8326403855;0.7500;72.0
-75.8359480557;0.7500;73.0
-75.8391357934;0.7500;74.0
-75.8422069645;0.7500;75.0
-75.8451647024;0.7500;76.0
-75.8480119313;0.7500;77.0
-75.8507513862;0.7500;78.0
-75.8533856316;0.7500;79.0
-75.8559170777;0.7500;80.0
-75.8583479959;0.7500;81.0
-75.8606805324;0.7500;82.0
-75.8629167202;0.7500;83.0
-75.865058491;0.7500;84.0
-75.867107685;0.7500;85.0
-75.8690660601;0.7500;86.0
-75.8709353009;0.7500;87.0
-75.8727170263;0.7500;88.0
-75.8744127961;0.7500;89.0
-75.8760241184;0.7500;90.0
-75.8775524547;0.7500;91.0
-75.878999226;0.7500;92.0
-75.8803658177;0.7500;93.0
-75.8816535841;0.7500;94.0
-75.8828638529;0.7500;95.0
-75.8839979291;0.7500;96.0
-75.8850570988;0.7500;97.0
-75.8860426327;0.7500;98.0
-75.8869557892;0.7500;99.0
-75.9582325126;0.8000;100.0
-75.9588624595;0.8000;101.0
-75.9594265968;0.8000;102.0
-75.959926045;0.8000;103.0
-75.9603619322;0.8000;104.0
-75.9607353958;0.8000;105.0
-75.9610475849;0.8000;106.0
-75.9612996616;0.8000;107.0
-75.9614928024;0.8000;108.0
-75.9616281997;0.8000;109.0
-75.9617070635;0.8000;110.0
-75.9617306221;0.8000;111.0
-75.9617001235;0.8000;112.0
-75.9616168363;0.8000;113.0
-75.9614820507;0.8000;114.0
-75.9612970792;0.8000;115.0
-75.9610632574;0.8000;116.0
-75.9607819444;0.8000;117.0
-75.9604545235;0.8000;118.0
-75.9600824024;0.8000;119.0
-75.9596670137;0.8000;120.0
-75.9592098148;0.8000;121.0
-75.9587122883;0.8000;122.0
-75.9581759417;0.8000;123.0
-75.9576023074;0.8000;124.0
-75.9569929425;0.8000;125.0
-75.9563494284;0.8000;126.0
-75.9556733706;0.8000;127.0
-75.9549663978;0.8000;128.0
-75.9542301616;0.8000;129.0
-75.9534663359;0.8000;130.0
-75.9526766157;0.8000;131.0
-75.9518627164;0.8000;132.0
-75.951026373;0.8000;133.0
-75.9501693386;0.8000;134.0
-75.9492933836;0.8000;135.0
-75.9484002942;0.8000;136.0
-75.9474918711;0.8000;137.0
-75.9465699277;0.8000;138.0
-75.9456362891;0.8000;139.0
-75.9446927898;0.8000;140.0
-75.9437412725;0.8000;141.0
-75.9427835856;0.8000;142.0
-75.9418215816;0.8000;143.0
-75.9408571149;0.8000;144.0
-75.9398920396;0.8000;145.0
-75.9389282073;0.8000;146.0
-75.9379674645;0.8000;147.0
-75.9370116504;0.8000;148.0
-75.9360625942;0.8000;149.0
-75.9351221122;0.8000;150.0
-75.9341920055;0.8000;151.0
-75.933274057;0.8000;152.0
-75.9323700284;0.8000;153.0
-75.9314816575;0.8000;154.0
-75.9306106551;0.8000;155.0
-75.9297587016;0.8000;156.0
-75.9289274448;0.8000;157.0
-75.9281184957;0.8000;158.0
-75.9273334262;0.8000;159.0
-75.9265737657;0.8000;160.0
-75.902667777;0.8000;70.0
-75.9058879205;0.8000;71.0
-75.9089934611;0.8000;72.0
-75.9119875709;0.8000;73.0
-75.9148731864;0.8000;74.0
-75.9176530331;0.8000;75.0
-75.9203296469;0.8000;76.0
-75.922905394;0.8000;77.0
-75.9253824877;0.8000;78.0
-75.927763005;0.8000;79.0
-75.9300488999;0.8000;80.0
-75.9322420168;0.8000;81.0
-75.9343441015;0.8000;82.0
-75.9363568122;0.8000;83.0
-75.9382817281;0.8000;84.0
-75.9401203588;0.8000;85.0
-75.9418741514;0.8000;86.0
-75.943544498;0.8000;87.0
-75.9451327418;0.8000;88.0
-75.9466401834;0.8000;89.0
-75.9480680858;0.8000;90.0
-75.9494176797;0.8000;91.0
-75.950690168;0.8000;92.0
-75.9518867298;0.8000;93.0
-75.9530085248;0.8000;94.0
-75.9540566963;0.8000;95.0
-75.9550323754;0.8000;96.0
-75.9559366834;0.8000;97.0
-75.956770735;0.8000;98.0
-75.9575356415;0.8000;99.0
-75.9991729304;0.8500;100.0
-75.999669339;0.8500;101.0
-76.0001026068;0.8500;102.0
-76.000473756;0.8500;103.0
-76.0007838221;0.8500;104.0
-76.001033855;0.8500;105.0
-76.0012249205;0.8500;106.0
-76.0013581017;0.8500;107.0
-76.0014344997;0.8500;108.0
-76.001455235;0.8500;109.0
-76.0014214486;0.8500;110.0
-76.0013343023;0.8500;111.0
-76.0011949802;0.8500;112.0
-76.0010046891;0.8500;113.0
-76.0007646591;0.8500;114.0
-76.0004761445;0.8500;115.0
-76.0001404239;0.8500;116.0
-75.9997588009;0.8500;117.0
-75.9993326047;0.8500;118.0
-75.9988631898;0.8500;119.0
-75.9983519367;0.8500;120.0
-75.9978002522;0.8500;121.0
-75.997209569;0.8500;122.0
-75.9965813462;0.8500;123.0
-75.9959170689;0.8500;124.0
-75.9952182483;0.8500;125.0
-75.9944864216;0.8500;126.0
-75.9937231515;0.8500;127.0
-75.992930026;0.8500;128.0
-75.9921086582;0.8500;129.0
-75.9912606852;0.8500;130.0
-75.9903877681;0.8500;131.0
-75.9894915913;0.8500;132.0
-75.9885738613;0.8500;133.0
-75.9876363063;0.8500;134.0
-75.986680675;0.8500;135.0
-75.9857087356;0.8500;136.0
-75.9847222747;0.8500;137.0
-75.983723096;0.8500;138.0
-75.9827130188;0.8500;139.0
-75.9816938769;0.8500;140.0
-75.9806675162;0.8500;141.0
-75.9796357937;0.8500;142.0
-75.9786005755;0.8500;143.0
-75.9775637344;0.8500;144.0
-75.9765271481;0.8500;145.0
-75.975492697;0.8500;146.0
-75.9744622616;0.8500;147.0
-75.9734377201;0.8500;148.0
-75.9724209458;0.8500;149.0
-75.9714138041;0.8500;150.0
-75.9704181501;0.8500;151.0
-75.9694358249;0.8500;152.0
-75.9684686534;0.8500;153.0
-75.96751844;0.8500;154.0
-75.9665869664;0.8500;155.0
-75.9656759874;0.8500;156.0
-75.9647872278;0.8500;157.0
-75.9639223788;0.8500;158.0
-75.9630830944;0.8500;159.0
-75.962270988;0.8500;160.0
-75.9497270215;0.8500;70.0
-75.9526352903;0.8500;71.0
-75.9554405937;0.8500;72.0
-75.9581454391;0.8500;73.0
-75.9607521429;0.8500;74.0
-75.9632628521;0.8500;75.0
-75.9656795623;0.8500;76.0
-75.968004135;0.8500;77.0
-75.970238312;0.8500;78.0
-75.9723837287;0.8500;79.0
-75.9744419263;0.8500;80.0
-75.9764143625;0.8500;81.0
-75.9783024208;0.8500;82.0
-75.9801074195;0.8500;83.0
-75.9818306196;0.8500;84.0
-75.9834732317;0.8500;85.0
-75.9850364223;0.8500;86.0
-75.9865213201;0.8500;87.0
-75.9879290212;0.8500;88.0
-75.9892605937;0.8500;89.0
-75.9905170826;0.8500;90.0
-75.9916995137;0.8500;91.0
-75.9928088971;0.8500;92.0
-75.9938462313;0.8500;93.0
-75.9948125059;0.8500;94.0
-75.9957087049;0.8500;95.0
-75.9965358091;0.8500;96.0
-75.9972947991;0.8500;97.0
-75.9979866572;0.8500;98.0
-75.9986123701;0.8500;99.0
-76.0189415232;0.9000;100.0
-76.0193143894;0.9000;101.0
-76.0196267203;0.9000;102.0
-76.0198794528;0.9000;103.0
-76.0200735399;0.9000;104.0
-76.0202099518;0.9000;105.0
-76.0202896765;0.9000;106.0
-76.0203137209;0.9000;107.0
-76.0202831114;0.9000;108.0
-76.0201988946;0.9000;109.0
-76.0200621383;0.9000;110.0
-76.0198739317;0.9000;111.0
-76.0196353863;0.9000;112.0
-76.0193476368;0.9000;113.0
-76.019011841;0.9000;114.0
-76.0186291809;0.9000;115.0
-76.0182008632;0.9000;116.0
-76.0177281195;0.9000;117.0
-76.017212207;0.9000;118.0
-76.0166544089;0.9000;119.0
-76.0160560348;0.9000;120.0
-76.0154184211;0.9000;121.0
-76.014742931;0.9000;122.0
-76.0140309555;0.9000;123.0
-76.0132839127;0.9000;124.0
-76.012503249;0.9000;125.0
-76.0116904381;0.9000;126.0
-76.0108469821;0.9000;127.0
-76.0099744108;0.9000;128.0
-76.0090742818;0.9000;129.0
-76.0081481806;0.9000;130.0
-76.0071977199;0.9000;131.0
-76.0062245396;0.9000;132.0
-76.0052303063;0.9000;133.0
-76.0042167127;0.9000;134.0
-76.0031854771;0.9000;135.0
-76.0021383424;0.9000;136.0
-76.0010770755;0.9000;137.0
-76.0000034661;0.9000;138.0
-75.9989193257;0.9000;139.0
-75.9978264863;0.9000;140.0
-75.9967267988;0.9000;141.0
-75.9956221317;0.9000;142.0
-75.9945143692;0.9000;143.0
-75.9934054093;0.9000;144.0
-75.992297162;0.9000;145.0
-75.9911915465;0.9000;146.0
-75.9900904894;0.9000;147.0
-75.988995922;0.9000;148.0
-75.9879097771;0.9000;149.0
-75.9868339867;0.9000;150.0
-75.9857704787;0.9000;151.0
-75.9847211734;0.9000;152.0
-75.9836879804;0.9000;153.0
-75.9826727949;0.9000;154.0
-75.9816774941;0.9000;155.0
-75.9807039333;0.9000;156.0
-75.9797539416;0.9000;157.0
-75.9788293187;0.9000;158.0
-75.9779318297;0.9000;159.0
-75.9770632017;0.9000;160.0
-75.9751692245;0.9000;70.0
-75.9777891561;0.9000;71.0
-75.9803168334;0.9000;72.0
-75.9827541465;0.9000;73.0
-75.9851028363;0.9000;74.0
-75.9873645122;0.9000;75.0
-75.9895406681;0.9000;76.0
-75.9916326968;0.9000;77.0
-75.9936419024;0.9000;78.0
-75.9955695115;0.9000;79.0
-75.9974166834;0.9000;80.0
-75.999184519;0.9000;81.0
-76.0008740687;0.9000;82.0
-76.0024863398;0.9000;83.0
-76.004022303;0.9000;84.0
-76.0054828977;0.9000;85.0
-76.0068690383;0.9000;86.0
-76.0081816179;0.9000;87.0
-76.009421513;0.9000;88.0
-76.0105895874;0.9000;89.0
-76.0116866958;0.9000;90.0
-76.0127136866;0.9000;91.0
-76.0136714049;0.9000;92.0
-76.0145606952;0.9000;93.0
-76.0153824037;0.9000;94.0
-76.0161373802;0.9000;95.0
-76.0168264805;0.9000;96.0
-76.0174505674;0.9000;97.0
-76.0180105132;0.9000;98.0
-76.0185072003;0.9000;99.0
-76.0235538566;0.9500;100.0
-76.0238148617;0.9500;101.0
-76.0240179428;0.9500;102.0
-76.0241639489;0.9500;103.0
-76.024253746;0.9500;104.0
-76.0242882171;0.9500;105.0
-76.0242682628;0.9500;106.0
-76.0241948023;0.9500;107.0
-76.0240687734;0.9500;108.0
-76.0238911338;0.9500;109.0
-76.0236628611;0.9500;110.0
-76.0233849539;0.9500;111.0
-76.0230584326;0.9500;112.0
-76.0226843395;0.9500;113.0
-76.0222637403;0.9500;114.0
-76.0217977245;0.9500;115.0
-76.0212874058;0.9500;116.0
-76.0207339234;0.9500;117.0
-76.0201384427;0.9500;118.0
-76.0195021553;0.9500;119.0
-76.0188262808;0.9500;120.0
-76.0181120664;0.9500;121.0
-76.0173607883;0.9500;122.0
-76.0165737521;0.9500;123.0
-76.0157522929;0.9500;124.0
-76.0148977767;0.9500;125.0
-76.0140116001;0.9500;126.0
-76.0130951911;0.9500;127.0
-76.0121500093;0.9500;128.0
-76.0111775462;0.9500;129.0
-76.0101793254;0.9500;130.0
-76.0091569027;0.9500;131.0
-76.0081118661;0.9500;132.0
-76.0070458358;0.9500;133.0
-76.0059604639;0.9500;134.0
-76.0048574341;0.9500;135.0
-76.0037384612;0.9500;136.0
-76.0026052909;0.9500;137.0
-76.0014596986;0.9500;138.0
-76.0003034887;0.9500;139.0
-75.9991384939;0.9500;140.0
-75.9979665734;0.9500;141.0
-75.9967896121;0.9500;142.0
-75.9956095188;0.9500;143.0
-75.9944282245;0.9500;144.0
-75.9932476803;0.9500;145.0
-75.9920698554;0.9500;146.0
-75.9908967348;0.9500;147.0
-75.9897303165;0.9500;148.0
-75.9885726087;0.9500;149.0
-75.9874256269;0.9500;150.0
-75.9862913907;0.9500;151.0
-75.9851719199;0.9500;152.0
-75.9840692312;0.9500;153.0
-75.9829853341;0.9500;154.0
-75.9819222265;0.9500;155.0
-75.9808818911;0.9500;156.0
-75.9798662897;0.9500;157.0
-75.9788773597;0.9500;158.0
-75.9779170083;0.9500;159.0
-75.976987108;0.9500;160.0
-75.9850247305;0.9500;70.0
-75.9873769325;0.9500;71.0
-75.9896468913;0.9500;72.0
-75.991835912;0.9500;73.0
-75.9939451897;0.9500;74.0
-75.9959758256;0.9500;75.0
-75.9979288398;0.9500;76.0
-75.9998051844;0.9500;77.0
-76.0016057532;0.9500;78.0
-76.0033313915;0.9500;79.0
-76.0049829047;0.9500;80.0
-76.0065610651;0.9500;81.0
-76.0080666186;0.9500;82.0
-76.0095002908;0.9500;83.0
-76.0108627913;0.9500;84.0
-76.0121548191;0.9500;85.0
-76.0133770656;0.9500;86.0
-76.0145302185;0.9500;87.0
-76.0156149646;0.9500;88.0
-76.0166319924;0.9500;89.0
-76.0175819945;0.9500;90.0
-76.0184656691;0.9500;91.0
-76.0192837219;0.9500;92.0
-76.0200368676;0.9500;93.0
-76.0207258308;0.9500;94.0
-76.0213513472;0.9500;95.0
-76.0219141646;0.9500;96.0
-76.0224150434;0.9500;97.0
-76.0228547573;0.9500;98.0
-76.0232340943;0.9500;99.0
-76.0173880434;1.0000;100.0
-76.0175503661;1.0000;101.0
-76.0176573629;1.0000;102.0
-76.0177097789;1.0000;103.0
-76.0177083748;1.0000;104.0
-76.0176539277;1.0000;105.0
-76.0175472313;1.0000;106.0
-76.0173890967;1.0000;107.0
-76.0171803532;1.0000;108.0
-76.0169218488;1.0000;109.0
-76.0166144516;1.0000;110.0
-76.01625905;1.0000;111.0
-76.0158565542;1.0000;112.0
-76.0154078968;1.0000;113.0
-76.0149140339;1.0000;114.0
-76.0143759464;1.0000;115.0
-76.0137946402;1.0000;116.0
-76.0131711481;1.0000;117.0
-76.0125065303;1.0000;118.0
-76.0118018755;1.0000;119.0
-76.0110583017;1.0000;120.0
-76.0102769575;1.0000;121.0
-76.0094590225;1.0000;122.0
-76.0086057086;1.0000;123.0
-76.0077182608;1.0000;124.0
-76.0067979577;1.0000;125.0
-76.0058461124;1.0000;126.0
-76.0048640734;1.0000;127.0
-76.0038532249;1.0000;128.0
-76.0028149875;1.0000;129.0
-76.0017508187;1.0000;130.0
-76.0006622134;1.0000;131.0
-75.999550704;1.0000;132.0
-75.9984178609;1.0000;133.0
-75.9972652924;1.0000;134.0
-75.9960946451;1.0000;135.0
-75.9949076032;1.0000;136.0
-75.9937058888;1.0000;137.0
-75.9924912613;1.0000;138.0
-75.991265517;1.0000;139.0
-75.9900304882;1.0000;140.0
-75.9887880425;1.0000;141.0
-75.9875400818;1.0000;142.0
-75.9862885406;1.0000;143.0
-75.9850353853;1.0000;144.0
-75.9837826115;1.0000;145.0
-75.982532243;1.0000;146.0
-75.9812863289;1.0000;147.0
-75.9800469414;1.0000;148.0
-75.978816173;1.0000;149.0
-75.9775961334;1.0000;150.0
-75.9763889462;1.0000;151.0
-75.9751967454;1.0000;152.0
-75.9740216712;1.0000;153.0
-75.9728658659;1.0000;154.0
-75.9717314693;1.0000;155.0
-75.9706206139;1.0000;156.0
-75.9695354199;1.0000;157.0
-75.9684779895;1.0000;158.0
-75.9674504015;1.0000;159.0
-75.9664547053;1.0000;160.0
-75.9836795555;1.0000;70.0
-75.9857819404;1.0000;71.0
-75.9878115836;1.0000;72.0
-75.9897692291;1.0000;73.0
-75.9916555512;1.0000;74.0
-75.9934711675;1.0000;75.0
-75.9952166509;1.0000;76.0
-75.9968925394;1.0000;77.0
-75.9984993446;1.0000;78.0
-76.0000375596;1.0000;79.0
-76.0015076656;1.0000;80.0
-76.0029101368;1.0000;81.0
-76.0042454458;1.0000;82.0
-76.005514067;1.0000;83.0
-76.0067164802;1.0000;84.0
-76.0078531731;1.0000;85.0
-76.0089246435;1.0000;86.0
-76.0099314009;1.0000;87.0
-76.0108739678;1.0000;88.0
-76.0117528806;1.0000;89.0
-76.0125686902;1.0000;90.0
-76.0133219624;1.0000;91.0
-76.014013278;1.0000;92.0
-76.0146432332;1.0000;93.0
-76.0152124391;1.0000;94.0
-76.0157215219;1.0000;95.0
-76.0161711227;1.0000;96.0
-76.0165618973;1.0000;97.0
-76.0168945164;1.0000;98.0
-76.0171696651;1.0000;99.0
-76.003647392;1.0500;100.0
-76.0037248411;1.0500;101.0
-76.0037494597;1.0500;102.0
-76.0037218685;1.0500;103.0
-76.0036427037;1.0500;104.0
-76.0035126179;1.0500;105.0
-76.0033322807;1.0500;106.0
-76.0031023797;1.0500;107.0
-76.0028236212;1.0500;108.0
-76.0024967314;1.0500;109.0
-76.0021224575;1.0500;110.0
-76.0017015685;1.0500;111.0
-76.0012348566;1.0500;112.0
-76.0007231381;1.0500;113.0
-76.0001672545;1.0500;114.0
-75.999568074;1.0500;115.0
-75.998926492;1.0500;116.0
-75.9982434329;1.0500;117.0
-75.9975198506;1.0500;118.0
-75.9967567299;1.0500;119.0
-75.9959550875;1.0500;120.0
-75.9951159731;1.0500;121.0
-75.9942404704;1.0500;122.0
-75.9933296978;1.0500;123.0
-75.9923848099;1.0500;124.0
-75.9914069981;1.0500;125.0
-75.9903974914;1.0500;126.0
-75.9893575577;1.0500;127.0
-75.9882885042;1.0500;128.0
-75.9871916784;1.0500;129.0
-75.9860684689;1.0500;130.0
-75.9849203059;1.0500;131.0
-75.9837486618;1.0500;132.0
-75.982555052;1.0500;133.0
-75.9813410354;1.0500;134.0
-75.9801082143;1.0500;135.0
-75.9788582353;1.0500;136.0
-75.9775927891;1.0500;137.0
-75.9763136106;1.0500;138.0
-75.975022479;1.0500;139.0
-75.9737212173;1.0500;140.0
-75.9724116923;1.0500;141.0
-75.9710958135;1.0500;142.0
-75.9697755327;1.0500;143.0
-75.9684528429;1.0500;144.0
-75.9671297767;1.0500;145.0
-75.9658084053;1.0500;146.0
-75.9644908366;1.0500;147.0
-75.9631792125;1.0500;148.0
-75.9618757072;1.0500;149.0
-75.9605825241;1.0500;150.0
-75.9593018924;1.0500;151.0
-75.9580360641;1.0500;152.0
-75.9567873098;1.0500;153.0
-75.9555579141;1.0500;154.0
-75.9543501713;1.0500;155.0
-75.9531663802;1.0500;156.0
-75.9520088381;1.0500;157.0
-75.9508798353;1.0500;158.0
-75.9497816481;1.0500;159.0
-75.9487165328;1.0500;160.0
-75.9743412422;1.0500;70.0
-75.9762093607;1.0500;71.0
-75.9780139111;1.0500;72.0
-75.9797551003;1.0500;73.0
-75.9814331065;1.0500;74.0
-75.9830480909;1.0500;75.0
-75.9846002064;1.0500;76.0
-75.9860896059;1.0500;77.0
-75.9875164486;1.0500;78.0
-75.9888809052;1.0500;79.0
-75.990183162;1.0500;80.0
-75.9914234245;1.0500;81.0
-75.9926019191;1.0500;82.0
-75.9937188952;1.0500;83.0
-75.9947746261;1.0500;84.0
-75.9957694091;1.0500;85.0
-75.9967035659;1.0500;86.0
-75.9975774421;1.0500;87.0
-75.9983914062;1.0500;88.0
-75.9991458491;1.0500;89.0
-75.9998411832;1.0500;90.0
-76.0004778407;1.0500;91.0
-76.0010562733;1.0500;92.0
-76.0015769505;1.0500;93.0
-76.002040359;1.0500;94.0
-76.0024470017;1.0500;95.0
-76.0027973972;1.0500;96.0
-76.0030920789;1.0500;97.0
-76.0033315947;1.0500;98.0
-76.0035165069;1.0500;99.0
-75.9846827937;1.1000;100.0
-75.9846886342;1.1000;101.0
-75.9846439458;1.1000;102.0
-75.9845492142;1.1000;103.0
-75.984404943;1.1000;104.0
-75.9842116544;1.1000;105.0
-75.9839698903;1.1000;106.0
-75.9836802132;1.1000;107.0
-75.983343207;1.1000;108.0
-75.9829594783;1.1000;109.0
-75.9825296572;1.1000;110.0
-75.9820543983;1.1000;111.0
-75.9815343819;1.1000;112.0
-75.9809703151;1.1000;113.0
-75.9803629327;1.1000;114.0
-75.9797129979;1.1000;115.0
-75.9790213041;1.1000;116.0
-75.9782886753;1.1000;117.0
-75.9775159671;1.1000;118.0
-75.9767040682;1.1000;119.0
-75.9758539007;1.1000;120.0
-75.9749664218;1.1000;121.0
-75.9740426242;1.1000;122.0
-75.9730835374;1.1000;123.0
-75.9720902287;1.1000;124.0
-75.971063804;1.1000;125.0
-75.9700054089;1.1000;126.0
-75.9689162296;1.1000;127.0
-75.9677974939;1.1000;128.0
-75.9666504724;1.1000;129.0
-75.965476479;1.1000;130.0
-75.9642768721;1.1000;131.0
-75.9630530557;1.1000;132.0
-75.9618064797;1.1000;133.0
-75.9605386416;1.1000;134.0
-75.9592510863;1.1000;135.0
-75.9579454079;1.1000;136.0
-75.9566232495;1.1000;137.0
-75.9552863043;1.1000;138.0
-75.9539363159;1.1000;139.0
-75.9525750787;1.1000;140.0
-75.9512044385;1.1000;141.0
-75.9498262917;1.1000;142.0
-75.9484425864;1.1000;143.0
-75.9470553211;1.1000;144.0
-75.9456665447;1.1000;145.0
-75.9442783556;1.1000;146.0
-75.9428929007;1.1000;147.0
-75.9415123739;1.1000;148.0
-75.9401390143;1.1000;149.0
-75.9387751044;1.1000;150.0
-75.937422967;1.1000;151.0
-75.9360849627;1.1000;152.0
-75.9347634863;1.1000;153.0
-75.9334609625;1.1000;154.0
-75.9321798418;1.1000;155.0
-75.9309225947;1.1000;156.0
-75.9296917066;1.1000;157.0
-75.9284896713;1.1000;158.0
-75.9273189836;1.1000;159.0
-75.9261821325;1.1000;160.0
-75.959368528;1.1000;70.0
-75.9610159889;1.1000;71.0
-75.9626089198;1.1000;72.0
-75.9641470151;1.1000;73.0
-75.9656299832;1.1000;74.0
-75.9670575546;1.1000;75.0
-75.9684294887;1.1000;76.0
-75.9697455788;1.1000;77.0
-75.9710056558;1.1000;78.0
-75.97220959;1.1000;79.0
-75.973357293;1.1000;80.0
-75.9744487175;1.1000;81.0
-75.9754838572;1.1000;82.0
-75.9764627456;1.1000;83.0
-75.9773854543;1.1000;84.0
-75.9782520912;1.1000;85.0
-75.9790627987;1.1000;86.0
-75.9798177508;1.1000;87.0
-75.9805171511;1.1000;88.0
-75.9811612307;1.1000;89.0
-75.9817502455;1.1000;90.0
-75.9822844749;1.1000;91.0
-75.9827642193;1.1000;92.0
-75.9831897988;1.1000;93.0
-75.9835615523;1.1000;94.0
-75.9838798355;1.1000;95.0
-75.9841450211;1.1000;96.0
-75.9843574975;1.1000;97.0
-75.9845176692;1.1000;98.0
-75.984625956;1.1000;99.0
-75.9622197624;1.1500;100.0
-75.9621657936;1.1500;101.0
-75.9620633792;1.1500;102.0
-75.9619128758;1.1500;103.0
-75.9617146623;1.1500;104.0
-75.9614691408;1.1500;105.0
-75.9611767374;1.1500;106.0
-75.9608379025;1.1500;107.0
-75.9604531119;1.1500;108.0
-75.9600228676;1.1500;109.0
-75.9595476979;1.1500;110.0
-75.9590281589;1.1500;111.0
-75.9584648347;1.1500;112.0
-75.9578583384;1.1500;113.0
-75.9572093127;1.1500;114.0
-75.9565184307;1.1500;115.0
-75.9557863965;1.1500;116.0
-75.9550139462;1.1500;117.0
-75.9542018484;1.1500;118.0
-75.9533509053;1.1500;119.0
-75.9524619531;1.1500;120.0
-75.9515358634;1.1500;121.0
-75.9505735434;1.1500;122.0
-75.9495759373;1.1500;123.0
-75.9485440272;1.1500;124.0
-75.9474788337;1.1500;125.0
-75.9463814172;1.1500;126.0
-75.9452528789;1.1500;127.0
-75.944094362;1.1500;128.0
-75.9429070525;1.1500;129.0
-75.9416921804;1.1500;130.0
-75.9404510213;1.1500;131.0
-75.9391848972;1.1500;132.0
-75.9378951775;1.1500;133.0
-75.9365832811;1.1500;134.0
-75.9352506767;1.1500;135.0
-75.9338988846;1.1500;136.0
-75.9325294779;1.1500;137.0
-75.9311440835;1.1500;138.0
-75.9297443835;1.1500;139.0
-75.9283321161;1.1500;140.0
-75.9269090769;1.1500;141.0
-75.9254771195;1.1500;142.0
-75.9240381569;1.1500;143.0
-75.9225941616;1.1500;144.0
-75.9211471662;1.1500;145.0
-75.919699264;1.1500;146.0
-75.9182526088;1.1500;147.0
-75.9168094147;1.1500;148.0
-75.9153719552;1.1500;149.0
-75.9139425628;1.1500;150.0
-75.9125236269;1.1500;151.0
-75.9111175926;1.1500;152.0
-75.9097269574;1.1500;153.0
-75.9083542687;1.1500;154.0
-75.9070021199;1.1500;155.0
-75.9056731457;1.1500;156.0
-75.9043700171;1.1500;157.0
-75.903095435;1.1500;158.0
-75.9018521236;1.1500;159.0
-75.9006428219;1.1500;160.0
-75.9405055747;1.1500;70.0
-75.9419444774;1.1500;71.0
-75.9433379487;1.1500;72.0
-75.9446851919;1.1500;73.0
-75.9459854642;1.1500;74.0
-75.9472380828;1.1500;75.0
-75.9484424277;1.1500;76.0
-75.9495979433;1.1500;77.0
-75.9507041388;1.1500;78.0
-75.9517605871;1.1500;79.0
-75.952766923;1.1500;80.0
-75.9537228403;1.1500;81.0
-75.954628089;1.1500;82.0
-75.9554824715;1.1500;83.0
-75.9562858393;1.1500;84.0
-75.9570380889;1.1500;85.0
-75.9577391581;1.1500;86.0
-75.958389023;1.1500;87.0
-75.9589876941;1.1500;88.0
-75.9595352141;1.1500;89.0
-75.9600316545;1.1500;90.0
-75.9604771136;1.1500;91.0
-75.9608717151;1.1500;92.0
-75.9612156057;1.1500;93.0
-75.9615089545;1.1500;94.0
-75.9617519518;1.1500;95.0
-75.9619448086;1.1500;96.0
-75.9620877564;1.1500;97.0
-75.9621810466;1.1500;98.0
-75.9622249512;1.1500;99.0
-75.9375210054;1.2000;100.0
-75.9374172249;1.2000;101.0
-75.9372669221;1.2000;102.0
-75.9370703433;1.2000;103.0
-75.9368277631;1.2000;104.0
-75.9365394839;1.2000;105.0
-75.9362058368;1.2000;106.0
-75.9358271814;1.2000;107.0
-75.9354039059;1.2000;108.0
-75.9349364276;1.2000;109.0
-75.934425193;1.2000;110.0
-75.933870678;1.2000;111.0
-75.933273388;1.2000;112.0
-75.9326338587;1.2000;113.0
-75.9319526559;1.2000;114.0
-75.9312303761;1.2000;115.0
-75.9304676468;1.2000;116.0
-75.9296651269;1.2000;117.0
-75.9288235076;1.2000;118.0
-75.9279435123;1.2000;119.0
-75.9270258974;1.2000;120.0
-75.9260714535;1.2000;121.0
-75.9250810053;1.2000;122.0
-75.9240554129;1.2000;123.0
-75.9229955725;1.2000;124.0
-75.9219024173;1.2000;125.0
-75.9207769188;1.2000;126.0
-75.9196200875;1.2000;127.0
-75.918432974;1.2000;128.0
-75.9172166707;1.2000;129.0
-75.9159723129;1.2000;130.0
-75.9147010799;1.2000;131.0
-75.9134041968;1.2000;132.0
-75.9120829362;1.2000;133.0
-75.9107386192;1.2000;134.0
-75.9093726176;1.2000;135.0
-75.9079863554;1.2000;136.0
-75.9065813109;1.2000;137.0
-75.905159018;1.2000;138.0
-75.9037210684;1.2000;139.0
-75.9022691137;1.2000;140.0
-75.9008048667;1.2000;141.0
-75.8993301037;1.2000;142.0
-75.8978466665;1.2000;143.0
-75.8963564636;1.2000;144.0
-75.8948614724;1.2000;145.0
-75.8933637405;1.2000;146.0
-75.8918653873;1.2000;147.0
-75.8903686049;1.2000;148.0
-75.8888756594;1.2000;149.0
-75.8873888911;1.2000;150.0
-75.885910715;1.2000;151.0
-75.8844436206;1.2000;152.0
-75.8829901707;1.2000;153.0
-75.8815530006;1.2000;154.0
-75.8801348155;1.2000;155.0
-75.8787383877;1.2000;156.0
-75.8773665527;1.2000;157.0
-75.8760222044;1.2000;158.0
-75.8747082889;1.2000;159.0
-75.8734277971;1.2000;160.0
-75.9190481106;1.2000;70.0
-75.9202893539;1.2000;71.0
-75.921494497;1.2000;72.0
-75.922662257;1.2000;73.0
-75.9237914416;1.2000;74.0
-75.9248809503;1.2000;75.0
-75.9259297744;1.2000;76.0
-75.9269369952;1.2000;77.0
-75.9279017813;1.2000;78.0
-75.928823384;1.2000;79.0
-75.9297011339;1.2000;80.0
-75.9305344348;1.2000;81.0
-75.9313227596;1.2000;82.0
-75.9320656446;1.2000;83.0
-75.932762685;1.2000;84.0
-75.9334135301;1.2000;85.0
-75.9340178788;1.2000;86.0
-75.9345754762;1.2000;87.0
-75.9350861097;1.2000;88.0
-75.935549606;1.2000;89.0
-75.9359658289;1.2000;90.0
-75.9363346765;1.2000;91.0
-75.9366560801;1.2000;92.0
-75.9369300022;1.2000;93.0
-75.9371564356;1.2000;94.0
-75.9373354024;1.2000;95.0
-75.9374669535;1.2000;96.0
-75.9375511683;1.2000;97.0
-75.9375881538;1.2000;98.0
-75.9375780453;1.2000;99.0
-75.9115053006;1.2500;100.0
-75.9113601031;1.2500;101.0
-75.9111702545;1.2500;102.0
-75.9109359144;1.2500;103.0
-75.9106572756;1.2500;104.0
-75.9103345634;1.2500;105.0
-75.9099680352;1.2500;106.0
-75.9095579798;1.2500;107.0
-75.9091047172;1.2500;108.0
-75.9086085978;1.2500;109.0
-75.9080700027;1.2500;110.0
-75.9074893428;1.2500;111.0
-75.9068670588;1.2500;112.0
-75.9062036211;1.2500;113.0
-75.9054995297;1.2500;114.0
-75.9047553141;1.2500;115.0
-75.9039715335;1.2500;116.0
-75.9031487767;1.2500;117.0
-75.9022876626;1.2500;118.0
-75.9013888404;1.2500;119.0
-75.9004529899;1.2500;120.0
-75.8994808222;1.2500;121.0
-75.8984730801;1.2500;122.0
-75.8974305389;1.2500;123.0
-75.8963540072;1.2500;124.0
-75.8952443277;1.2500;125.0
-75.8941023783;1.2500;126.0
-75.892929073;1.2500;127.0
-75.8917253636;1.2500;128.0
-75.8904922403;1.2500;129.0
-75.8892307338;1.2500;130.0
-75.8879419165;1.2500;131.0
-75.886626904;1.2500;132.0
-75.8852868575;1.2500;133.0
-75.883922985;1.2500;134.0
-75.8825365437;1.2500;135.0
-75.881128842;1.2500;136.0
-75.8797012419;1.2500;137.0
-75.8782551611;1.2500;138.0
-75.8767920757;1.2500;139.0
-75.8753135223;1.2500;140.0
-75.8738211014;1.2500;141.0
-75.8723164795;1.2500;142.0
-75.870801392;1.2500;143.0
-75.8692776466;1.2500;144.0
-75.8677471251;1.2500;145.0
-75.8662117875;1.2500;146.0
-75.864673674;1.2500;147.0
-75.8631349082;1.2500;148.0
-75.8615976995;1.2500;149.0
-75.860064346;1.2500;150.0
-75.8585372362;1.2500;151.0
-75.8570188518;1.2500;152.0
-75.8555117682;1.2500;153.0
-75.8540186564;1.2500;154.0
-75.8525422829;1.2500;155.0
-75.8510855097;1.2500;156.0
-75.8496512927;1.2500;157.0
-75.8482426792;1.2500;158.0
-75.8468628047;1.2500;159.0
-75.8455148873;1.2500;160.0
-75.8959611504;1.2500;70.0
-75.8970144765;1.2500;71.0
-75.8980413751;1.2500;72.0
-75.899040059;1.2500;73.0
-75.9000088604;1.2500;74.0
-75.9009462301;1.2500;75.0
-75.9018507344;1.2500;76.0
-75.9027210513;1.2500;77.0
-75.9035559652;1.2500;78.0
-75.9043543611;1.2500;79.0
-75.9051152193;1.2500;80.0
-75.9058376087;1.2500;81.0
-75.9065206813;1.2500;82.0
-75.9071636666;1.2500;83.0
-75.907765866;1.2500;84.0
-75.9083266484;1.2500;85.0
-75.9088454456;1.2500;86.0
-75.9093217483;1.2500;87.0
-75.9097551029;1.2500;88.0
-75.9101451081;1.2500;89.0
-75.9104914123;1.2500;90.0
-75.9107937116;1.2500;91.0
-75.9110517473;1.2500;92.0
-75.9112653046;1.2500;93.0
-75.9114342108;1.2500;94.0
-75.9115583338;1.2500;95.0
-75.9116375814;1.2500;96.0
-75.9116718999;1.2500;97.0
-75.9116612729;1.2500;98.0
-75.911605721;1.2500;99.0
-75.8848360342;1.3000;100.0
-75.8846566628;1.3000;101.0
-75.8844345675;1.3000;102.0
-75.8841698409;1.3000;103.0
-75.8838626121;1.3000;104.0
-75.8835130462;1.3000;105.0
-75.8831213422;1.3000;106.0
-75.8826877324;1.3000;107.0
-75.8822124811;1.3000;108.0
-75.8816958835;1.3000;109.0
-75.8811382653;1.3000;110.0
-75.8805399813;1.3000;111.0
-75.8799014153;1.3000;112.0
-75.8792229794;1.3000;113.0
-75.8785051133;1.3000;114.0
-75.8777482845;1.3000;115.0
-75.8769529877;1.3000;116.0
-75.8761197447;1.3000;117.0
-75.8752491048;1.3000;118.0
-75.8743416445;1.3000;119.0
-75.8733979681;1.3000;120.0
-75.8724187078;1.3000;121.0
-75.8714045243;1.3000;122.0
-75.8703561075;1.3000;123.0
-75.869274177;1.3000;124.0
-75.8681594834;1.3000;125.0
-75.8670128085;1.3000;126.0
-75.8658349671;1.3000;127.0
-75.8646268079;1.3000;128.0
-75.863389215;1.3000;129.0
-75.8621231092;1.3000;130.0
-75.8608294497;1.3000;131.0
-75.859509236;1.3000;132.0
-75.8581635095;1.3000;133.0
-75.8567933559;1.3000;134.0
-75.8553999071;1.3000;135.0
-75.853984344;1.3000;136.0
-75.8525478983;1.3000;137.0
-75.8510918561;1.3000;138.0
-75.8496175598;1.3000;139.0
-75.848126412;1.3000;140.0
-75.8466198782;1.3000;141.0
-75.8450994903;1.3000;142.0
-75.8435668501;1.3000;143.0
-75.8420236332;1.3000;144.0
-75.8404715927;1.3000;145.0
-75.8389125634;1.3000;146.0
-75.8373484656;1.3000;147.0
-75.8357813101;1.3000;148.0
-75.8342132018;1.3000;149.0
-75.8326463446;1.3000;150.0
-75.8310830456;1.3000;151.0
-75.8295257198;1.3000;152.0
-75.8279768937;1.3000;153.0
-75.8264392097;1.3000;154.0
-75.8249154297;1.3000;155.0
-75.823408438;1.3000;156.0
-75.8219212438;1.3000;157.0
-75.8204569823;1.3000;158.0
-75.8190189157;1.3000;159.0
-75.8176104316;1.3000;160.0
-75.8719629275;1.3000;70.0
-75.8728366267;1.3000;71.0
-75.8736939441;1.3000;72.0
-75.8745325445;1.3000;73.0
-75.8753502359;1.3000;74.0
-75.8761449672;1.3000;75.0
-75.8769148247;1.3000;76.0
-75.8776580273;1.3000;77.0
-75.8783729211;1.3000;78.0
-75.879057973;1.3000;79.0
-75.8797117651;1.3000;80.0
-75.8803329884;1.3000;81.0
-75.8809204368;1.3000;82.0
-75.8814730014;1.3000;83.0
-75.8819896655;1.3000;84.0
-75.8824694992;1.3000;85.0
-75.8829116552;1.3000;86.0
-75.8833153642;1.3000;87.0
-75.8836799313;1.3000;88.0
-75.8840047319;1.3000;89.0
-75.884289209;1.3000;90.0
-75.8845328696;1.3000;91.0
-75.8847352818;1.3000;92.0
-75.8848960725;1.3000;93.0
-75.8850149244;1.3000;94.0
-75.8850915739;1.3000;95.0
-75.8851258087;1.3000;96.0
-75.8851174658;1.3000;97.0
-75.885066429;1.3000;98.0
-75.8849726276;1.3000;99.0
-75.8579877727;1.3500;100.0
-75.8577807377;1.3500;101.0
-75.8575330353;1.3500;102.0
-75.8572447017;1.3500;103.0
-75.8569158128;1.3500;104.0
-75.8565464815;1.3500;105.0
-75.8561368563;1.3500;106.0
-75.855687119;1.3500;107.0
-75.8551974838;1.3500;108.0
-75.8546681953;1.3500;109.0
-75.8540995273;1.3500;110.0
-75.8534917821;1.3500;111.0
-75.852845289;1.3500;112.0
-75.8521604037;1.3500;113.0
-75.8514375079;1.3500;114.0
-75.8506770082;1.3500;115.0
-75.8498793362;1.3500;116.0
-75.849044948;1.3500;117.0
-75.8481743242;1.3500;118.0
-75.8472679699;1.3500;119.0
-75.8463264146;1.3500;120.0
-75.8453502127;1.3500;121.0
-75.8443399442;1.3500;122.0
-75.8432962144;1.3500;123.0
-75.8422196553;1.3500;124.0
-75.8411109261;1.3500;125.0
-75.8399707141;1.3500;126.0
-75.8387997358;1.3500;127.0
-75.8375987381;1.3500;128.0
-75.8363684993;1.3500;129.0
-75.8351098313;1.3500;130.0
-75.8338235802;1.3500;131.0
-75.8325106291;1.3500;132.0
-75.831171899;1.3500;133.0
-75.8298083519;1.3500;134.0
-75.8284209922;1.3500;135.0
-75.8270108695;1.3500;136.0
-75.8255790815;1.3500;137.0
-75.8241267763;1.3500;138.0
-75.8226551558;1.3500;139.0
-75.8211654787;1.3500;140.0
-75.8196590646;1.3500;141.0
-75.8181372969;1.3500;142.0
-75.8166016274;1.3500;143.0
-75.8150535806;1.3500;144.0
-75.813494758;1.3500;145.0
-75.8119268429;1.3500;146.0
-75.8103516058;1.3500;147.0
-75.80877091;1.3500;148.0
-75.8071867166;1.3500;149.0
-75.8056010914;1.3500;150.0
-75.8040162107;1.3500;151.0
-75.8024343678;1.3500;152.0
-75.80085798;1.3500;153.0
-75.7992895953;1.3500;154.0
-75.7977318992;1.3500;155.0
-75.7961877217;1.3500;156.0
-75.7946600441;1.3500;157.0
-75.7931520048;1.3500;158.0
-75.7916669049;1.3500;159.0
-75.7902082132;1.3500;160.0
-75.8475857907;1.3500;70.0
-75.848286127;1.3500;71.0
-75.8489804729;1.3500;72.0
-75.8496658896;1.3500;73.0
-75.8503396018;1.3500;74.0
-75.8509989974;1.3500;75.0
-75.8516416252;1.3500;76.0
-75.8522651911;1.3500;77.0
-75.8528675539;1.3500;78.0
-75.8534467196;1.3500;79.0
-75.8540008362;1.3500;80.0
-75.8545281875;1.3500;81.0
-75.8550271877;1.3500;82.0
-75.855496375;1.3500;83.0
-75.8559344063;1.3500;84.0
-75.8563400511;1.3500;85.0
-75.8567121862;1.3500;86.0
-75.8570497904;1.3500;87.0
-75.8573519394;1.3500;88.0
-75.8576178007;1.3500;89.0
-75.8578466288;1.3500;90.0
-75.8580377609;1.3500;91.0
-75.8581906123;1.3500;92.0
-75.8583046723;1.3500;93.0
-75.8583794999;1.3500;94.0
-75.8584147204;1.3500;95.0
-75.8584100213;1.3500;96.0
-75.858365149;1.3500;97.0
-75.8582799056;1.3500;98.0
-75.8581541455;1.3500;99.0
-75.8312962569;1.4000;100.0
-75.831067569;1.4000;101.0
-75.8308004259;1.4000;102.0
-75.8304948102;1.4000;103.0
-75.8301507456;1.4000;104.0
-75.8297682941;1.4000;105.0
-75.8293475539;1.4000;106.0
-75.8288886566;1.4000;107.0
-75.8283917659;1.4000;108.0
-75.827857075;1.4000;109.0
-75.827284806;1.4000;110.0
-75.8266752076;1.4000;111.0
-75.8260285542;1.4000;112.0
-75.8253451453;1.4000;113.0
-75.8246253041;1.4000;114.0
-75.8238693768;1.4000;115.0
-75.8230777327;1.4000;116.0
-75.822250763;1.4000;117.0
-75.8213888812;1.4000;118.0
-75.8204925227;1.4000;119.0
-75.8195621447;1.4000;120.0
-75.8185982269;1.4000;121.0
-75.8176012712;1.4000;122.0
-75.8165718025;1.4000;123.0
-75.8155103694;1.4000;124.0
-75.8144175443;1.4000;125.0
-75.8132939248;1.4000;126.0
-75.8121401344;1.4000;127.0
-75.8109568237;1.4000;128.0
-75.8097446715;1.4000;129.0
-75.8085043861;1.4000;130.0
-75.8072367071;1.4000;131.0
-75.805942407;1.4000;132.0
-75.8046222926;1.4000;133.0
-75.8032772076;1.4000;134.0
-75.8019080345;1.4000;135.0
-75.8005156968;1.4000;136.0
-75.799101162;1.4000;137.0
-75.7976654441;1.4000;138.0
-75.7962096067;1.4000;139.0
-75.7947347663;1.4000;140.0
-75.7932420958;1.4000;141.0
-75.7917328288;1.4000;142.0
-75.7902082629;1.4000;143.0
-75.7886697652;1.4000;144.0
-75.7871187764;1.4000;145.0
-75.7855568166;1.4000;146.0
-75.7839854904;1.4000;147.0
-75.782406494;1.4000;148.0
-75.7808216206;1.4000;149.0
-75.7792327685;1.4000;150.0
-75.777641948;1.4000;151.0
-75.7760512901;1.4000;152.0
-75.7744630548;1.4000;153.0
-75.7728796404;1.4000;154.0
-75.7713035934;1.4000;155.0
-75.7697376183;1.4000;156.0
-75.7681845889;1.4000;157.0
-75.7666475584;1.4000;158.0
-75.765129771;1.4000;159.0
-75.7636346724;1.4000;160.0
-75.8232216669;1.4000;70.0
-75.8237521986;1.4000;71.0
-75.8242874396;1.4000;72.0
-75.8248237986;1.4000;73.0
-75.8253578681;1.4000;74.0
-75.8258864271;1.4000;75.0
-75.8264064428;1.4000;76.0
-75.8269150693;1.4000;77.0
-75.8274096447;1.4000;78.0
-75.8278876875;1.4000;79.0
-75.8283468916;1.4000;80.0
-75.8287851199;1.4000;81.0
-75.8292003991;1.4000;82.0
-75.8295909119;1.4000;83.0
-75.8299549909;1.4000;84.0
-75.8302911107;1.4000;85.0
-75.8305978813;1.4000;86.0
-75.830874041;1.4000;87.0
-75.8311184488;1.4000;88.0
-75.8313300782;1.4000;89.0
-75.8315080098;1.4000;90.0
-75.8316514253;1.4000;91.0
-75.8317596009;1.4000;92.0
-75.8318319018;1.4000;93.0
-75.8318677755;1.4000;94.0
-75.8318667475;1.4000;95.0
-75.8318284152;1.4000;96.0
-75.8317524435;1.4000;97.0
-75.8316385601;1.4000;98.0
-75.831486551;1.4000;99.0
-75.8049956028;1.4500;100.0
-75.8047508063;1.4500;101.0
-75.8044699117;1.4500;102.0
-75.8041528432;1.4500;103.0
-75.8037995683;1.4500;104.0
-75.8034100939;1.4500;105.0
-75.8029844635;1.4500;106.0
-75.8025227551;1.4500;107.0
-75.8020250781;1.4500;108.0
-75.8014915721;1.4500;109.0
-75.8009224041;1.4500;110.0
-75.8003177678;1.4500;111.0
-75.7996778815;1.4500;112.0
-75.7990029875;1.4500;113.0
-75.7982933505;1.4500;114.0
-75.7975492573;1.4500;115.0
-75.7967710158;1.4500;116.0
-75.7959589547;1.4500;117.0
-75.7951134229;1.4500;118.0
-75.7942347897;1.4500;119.0
-75.7933234443;1.4500;120.0
-75.7923797961;1.4500;121.0
-75.791404275;1.4500;122.0
-75.7903973315;1.4500;123.0
-75.7893594372;1.4500;124.0
-75.7882910855;1.4500;125.0
-75.7871927922;1.4500;126.0
-75.7860650964;1.4500;127.0
-75.7849085613;1.4500;128.0
-75.7837237755;1.4500;129.0
-75.7825113542;1.4500;130.0
-75.7812719403;1.4500;131.0
-75.7800062063;1.4500;132.0
-75.7787148557;1.4500;133.0
-75.7773986249;1.4500;134.0
-75.7760582855;1.4500;135.0
-75.7746946461;1.4500;136.0
-75.7733085548;1.4500;137.0
-75.7719009023;1.4500;138.0
-75.7704726241;1.4500;139.0
-75.7690247044;1.4500;140.0
-75.7675581787;1.4500;141.0
-75.7660741384;1.4500;142.0
-75.7645737344;1.4500;143.0
-75.7630581816;1.4500;144.0
-75.7615287641;1.4500;145.0
-75.75998684;1.4500;146.0
-75.758433848;1.4500;147.0
-75.7568713128;1.4500;148.0
-75.7553008529;1.4500;149.0
-75.7537241877;1.4500;150.0
-75.752143146;1.4500;151.0
-75.7505596749;1.4500;152.0
-75.7489758497;1.4500;153.0
-75.7473938847;1.4500;154.0
-75.7458161448;1.4500;155.0
-75.7442451579;1.4500;156.0
-75.7426836288;1.4500;157.0
-75.7411344537;1.4500;158.0
-75.7396007358;1.4500;159.0
-75.7380858017;1.4500;160.0
-75.7991571998;1.4500;70.0
-75.7995182018;1.4500;71.0
-75.799894915;1.4500;72.0
-75.8002830753;1.4500;73.0
-75.8006786196;1.4500;74.0
-75.8010776949;1.4500;75.0
-75.8014766648;1.4500;76.0
-75.8018721116;1.4500;77.0
-75.8022608368;1.4500;78.0
-75.8026398581;1.4500;79.0
-75.8030064055;1.4500;80.0
-75.803357915;1.4500;81.0
-75.8036920218;1.4500;82.0
-75.8040065523;1.4500;83.0
-75.8042995151;1.4500;84.0
-75.8045690923;1.4500;85.0
-75.8048136302;1.4500;86.0
-75.8050316297;1.4500;87.0
-75.8052217369;1.4500;88.0
-75.8053827346;1.4500;89.0
-75.8055135325;1.4500;90.0
-75.8056131592;1.4500;91.0
-75.8056807537;1.4500;92.0
-75.8057155574;1.4500;93.0
-75.805716907;1.4500;94.0
-75.805684227;1.4500;95.0
-75.8056170233;1.4500;96.0
-75.8055148771;1.4500;97.0
-75.8053774388;1.4500;98.0
-75.8052044229;1.4500;99.0
-75.7792456872;1.5000;100.0
-75.7789897645;1.5000;101.0
-75.7787002145;1.5000;102.0
-75.7783768953;1.5000;103.0
-75.77801971;1.5000;104.0
-75.7776286034;1.5000;105.0
-75.7772035586;1.5000;106.0
-75.7767445943;1.5000;107.0
-75.7762517618;1.5000;108.0
-75.7757251428;1.5000;109.0
-75.7751648473;1.5000;110.0
-75.7745710117;1.5000;111.0
-75.7739437976;1.5000;112.0
-75.7732833899;1.5000;113.0
-75.7725899959;1.5000;114.0
-75.7718638443;1.5000;115.0
-75.7711051843;1.5000;116.0
-75.7703142853;1.5000;117.0
-75.7694914359;1.5000;118.0
-75.768636944;1.5000;119.0
-75.7677511364;1.5000;120.0
-75.7668343588;1.5000;121.0
-75.7658869759;1.5000;122.0
-75.7649093715;1.5000;123.0
-75.7639019491;1.5000;124.0
-75.7628651317;1.5000;125.0
-75.7617993634;1.5000;126.0
-75.7607051088;1.5000;127.0
-75.7595828551;1.5000;128.0
-75.7584331121;1.5000;129.0
-75.7572564135;1.5000;130.0
-75.7560533184;1.5000;131.0
-75.7548244124;1.5000;132.0
-75.7535703091;1.5000;133.0
-75.7522916517;1.5000;134.0
-75.7509891149;1.5000;135.0
-75.7496634071;1.5000;136.0
-75.7483152723;1.5000;137.0
-75.7469454928;1.5000;138.0
-75.7455548915;1.5000;139.0
-75.7441443354;1.5000;140.0
-75.7427147382;1.5000;141.0
-75.7412670644;1.5000;142.0
-75.7398023328;1.5000;143.0
-75.7383216208;1.5000;144.0
-75.7368260694;1.5000;145.0
-75.7353168878;1.5000;146.0
-75.7337953598;1.5000;147.0
-75.7322628492;1.5000;148.0
-75.7307208077;1.5000;149.0
-75.7291707815;1.5000;150.0
-75.7276144204;1.5000;151.0
-75.7260534869;1.5000;152.0
-75.7244898664;1.5000;153.0
-75.7229255786;1.5000;154.0
-75.7213627902;1.5000;155.0
-75.7198038284;1.5000;156.0
-75.7182511967;1.5000;157.0
-75.7167075915;1.5000;158.0
-75.7151759209;1.5000;159.0
-75.7136593249;1.5000;160.0
-75.775601795;1.5000;70.0
-75.7757899223;1.5000;71.0
-75.776005096;1.5000;72.0
-75.7762424038;1.5000;73.0
-75.7764971422;1.5000;74.0
-75.7767648343;1.5000;75.0
-75.7770412422;1.5000;76.0
-75.7773223751;1.5000;77.0
-75.777604493;1.5000;78.0
-75.7778841062;1.5000;79.0
-75.7781579727;1.5000;80.0
-75.7784230923;1.5000;81.0
-75.7786766989;1.5000;82.0
-75.778916252;1.5000;83.0
-75.7791394257;1.5000;84.0
-75.7793440982;1.5000;85.0
-75.7795283405;1.5000;86.0
-75.7796904046;1.5000;87.0
-75.7798287119;1.5000;88.0
-75.7799418421;1.5000;89.0
-75.7800285219;1.5000;90.0
-75.7800876142;1.5000;91.0
-75.7801181083;1.5000;92.0
-75.7801191098;1.5000;93.0
-75.7800898315;1.5000;94.0
-75.7800295853;1.5000;95.0
-75.7799377733;1.5000;96.0
-75.7798138812;1.5000;97.0
-75.7796574709;1.5000;98.0
-75.7794681742;1.5000;99.0
-75.7541522291;1.5500;100.0
-75.7538894694;1.5500;101.0
-75.7535956357;1.5500;102.0
-75.7532705086;1.5500;103.0
-75.752913918;1.5500;104.0
-75.7525257388;1.5500;105.0
-75.7521058868;1.5500;106.0
-75.7516543159;1.5500;107.0
-75.7511710148;1.5500;108.0
-75.7506560043;1.5500;109.0
-75.7501093351;1.5500;110.0
-75.7495310853;1.5500;111.0
-75.7489213593;1.5500;112.0
-75.7482802856;1.5500;113.0
-75.7476080157;1.5500;114.0
-75.7469047226;1.5500;115.0
-75.7461706004;1.5500;116.0
-75.7454058632;1.5500;117.0
-75.7446107441;1.5500;118.0
-75.7437854955;1.5500;119.0
-75.7429303879;1.5500;120.0
-75.7420457104;1.5500;121.0
-75.7411317703;1.5500;122.0
-75.7401888931;1.5500;123.0
-75.7392174228;1.5500;124.0
-75.7382177222;1.5500;125.0
-75.7371901732;1.5500;126.0
-75.7361351776;1.5500;127.0
-75.7350531573;1.5500;128.0
-75.7339445556;1.5500;129.0
-75.7328098375;1.5500;130.0
-75.7316494913;1.5500;131.0
-75.7304640296;1.5500;132.0
-75.7292539903;1.5500;133.0
-75.7280199383;1.5500;134.0
-75.7267624674;1.5500;135.0
-75.7254822016;1.5500;136.0
-75.7241797974;1.5500;137.0
-75.7228559459;1.5500;138.0
-75.7215113752;1.5500;139.0
-75.7201468533;1.5500;140.0
-75.7187631909;1.5500;141.0
-75.7173612445;1.5500;142.0
-75.7159419203;1.5500;143.0
-75.714506178;1.5500;144.0
-75.7130550353;1.5500;145.0
-75.7115895727;1.5500;146.0
-75.7101109387;1.5500;147.0
-75.7086203563;1.5500;148.0
-75.7071191289;1.5500;149.0
-75.7056086481;1.5500;150.0
-75.7040904019;1.5500;151.0
-75.7025659836;1.5500;152.0
-75.7010371022;1.5500;153.0
-75.6995055933;1.5500;154.0
-75.6979734324;1.5500;155.0
-75.6964427488;1.5500;156.0
-75.6949158414;1.5500;157.0
-75.6933951969;1.5500;158.0
-75.6918835095;1.5500;159.0
-75.6903837033;1.5500;160.0
-75.7527104146;1.5500;70.0
-75.7527186631;1.5500;71.0
-75.7527656454;1.5500;72.0
-75.7528458867;1.5500;73.0
-75.7529541084;1.5500;74.0
-75.7530852563;1.5500;75.0
-75.7532345218;1.5500;76.0
-75.7533973581;1.5500;77.0
-75.7535694887;1.5500;78.0
-75.7537469125;1.5500;79.0
-75.7539259038;1.5500;80.0
-75.7541030083;1.5500;81.0
-75.754275037;1.5500;82.0
-75.7544390566;1.5500;83.0
-75.7545923792;1.5500;84.0
-75.7547325503;1.5500;85.0
-75.7548573359;1.5500;86.0
-75.7549647091;1.5500;87.0
-75.755052837;1.5500;88.0
-75.7551200673;1.5500;89.0
-75.7551649152;1.5500;90.0
-75.755186051;1.5500;91.0
-75.7551822882;1.5500;92.0
-75.7551525716;1.5500;93.0
-75.7550959672;1.5500;94.0
-75.7550116518;1.5500;95.0
-75.7548989035;1.5500;96.0
-75.7547570933;1.5500;97.0
-75.754585677;1.5500;98.0
-75.7543841877;1.5500;99.0
-75.7297816421;1.6000;100.0
-75.7295155459;1.6000;101.0
-75.7292209914;1.6000;102.0
-75.7288976699;1.6000;103.0
-75.7285453276;1.6000;104.0
-75.7281637606;1.6000;105.0
-75.7277528105;1.6000;106.0
-75.7273123605;1.6000;107.0
-75.7268423324;1.6000;108.0
-75.7263426829;1.6000;109.0
-75.7258134012;1.6000;110.0
-75.7252545066;1.6000;111.0
-75.7246660463;1.6000;112.0
-75.7240480932;1.6000;113.0
-75.7234007449;1.6000;114.0
-75.722724122;1.6000;115.0
-75.7220183665;1.6000;116.0
-75.7212836415;1.6000;117.0
-75.72052013;1.6000;118.0
-75.719728034;1.6000;119.0
-75.7189075744;1.6000;120.0
-75.7180589906;1.6000;121.0
-75.7171825397;1.6000;122.0
-75.7162784974;1.6000;123.0
-75.7153471568;1.6000;124.0
-75.7143888296;1.6000;125.0
-75.7134038459;1.6000;126.0
-75.7123925544;1.6000;127.0
-75.7113553232;1.6000;128.0
-75.7102925406;1.6000;129.0
-75.709204615;1.6000;130.0
-75.7080919769;1.6000;131.0
-75.7069550791;1.6000;132.0
-75.705794398;1.6000;133.0
-75.7046104351;1.6000;134.0
-75.7034037182;1.6000;135.0
-75.7021748032;1.6000;136.0
-75.7009242758;1.6000;137.0
-75.6996527535;1.6000;138.0
-75.6983608878;1.6000;139.0
-75.6970493668;1.6000;140.0
-75.6957189176;1.6000;141.0
-75.6943703095;1.6000;142.0
-75.6930043574;1.6000;143.0
-75.6916219255;1.6000;144.0
-75.6902239311;1.6000;145.0
-75.6888113493;1.6000;146.0
-75.6873852181;1.6000;147.0
-75.6859466442;1.6000;148.0
-75.6844968085;1.6000;149.0
-75.6830369741;1.6000;150.0
-75.6815684931;1.6000;151.0
-75.6800928161;1.6000;152.0
-75.6786115015;1.6000;153.0
-75.6771262266;1.6000;154.0
-75.6756388;1.6000;155.0
-75.6741511756;1.6000;156.0
-75.672665468;1.6000;157.0
-75.671183971;1.6000;158.0
-75.6697091768;1.6000;159.0
-75.6682437998;1.6000;160.0
-75.7306019878;1.6000;70.0
-75.7304200008;1.6000;71.0
-75.7302886925;1.6000;72.0
-75.730202191;1.6000;73.0
-75.7301547764;1.6000;74.0
-75.7301409194;1.6000;75.0
-75.730155315;1.6000;76.0
-75.7301929075;1.6000;77.0
-75.7302489095;1.6000;78.0
-75.7303188142;1.6000;79.0
-75.7303984023;1.6000;80.0
-75.7304837434;1.6000;81.0
-75.7305711932;1.6000;82.0
-75.7306573874;1.6000;83.0
-75.7307392327;1.6000;84.0
-75.7308138954;1.6000;85.0
-75.7308787888;1.6000;86.0
-75.7309315596;1.6000;87.0
-75.7309700732;1.6000;88.0
-75.7309924;1.6000;89.0
-75.7309968;1.6000;90.0
-75.7309817097;1.6000;91.0
-75.7309457278;1.6000;92.0
-75.7308876027;1.6000;93.0
-75.7308062198;1.6000;94.0
-75.7307005904;1.6000;95.0
-75.7305698405;1.6000;96.0
-75.7304132012;1.6000;97.0
-75.7302299992;1.6000;98.0
-75.7300196484;1.6000;99.0
-75.7061722126;1.6500;100.0
-75.7059054582;1.6500;101.0
-75.7056129249;1.6500;102.0
-75.7052942003;1.6500;103.0
-75.7049489342;1.6500;104.0
-75.7045768335;1.6500;105.0
-75.7041776569;1.6500;106.0
-75.7037512103;1.6500;107.0
-75.7032973429;1.6500;108.0
-75.7028159434;1.6500;109.0
-75.7023069372;1.6500;110.0
-75.7017702827;1.6500;111.0
-75.7012059695;1.6500;112.0
-75.700614016;1.6500;113.0
-75.699994467;1.6500;114.0
-75.6993473927;1.6500;115.0
-75.6986728864;1.6500;116.0
-75.697971064;1.6500;117.0
-75.6972420624;1.6500;118.0
-75.6964860388;1.6500;119.0
-75.6957031699;1.6500;120.0
-75.6948936516;1.6500;121.0
-75.6940576982;1.6500;122.0
-75.6931955422;1.6500;123.0
-75.6923074345;1.6500;124.0
-75.6913936439;1.6500;125.0
-75.6904544576;1.6500;126.0
-75.6894901811;1.6500;127.0
-75.6885011389;1.6500;128.0
-75.6874876746;1.6500;129.0
-75.6864501519;1.6500;130.0
-75.6853889549;1.6500;131.0
-75.6843044894;1.6500;132.0
-75.6831971835;1.6500;133.0
-75.682067489;1.6500;134.0
-75.6809158825;1.6500;135.0
-75.679742867;1.6500;136.0
-75.6785489734;1.6500;137.0
-75.6773347626;1.6500;138.0
-75.676100827;1.6500;139.0
-75.6748477935;1.6500;140.0
-75.6735763252;1.6500;141.0
-75.6722871248;1.6500;142.0
-75.6709809374;1.6500;143.0
-75.6696585539;1.6500;144.0
-75.6683208152;1.6500;145.0
-75.6669686159;1.6500;146.0
-75.6656029095;1.6500;147.0
-75.6642247132;1.6500;148.0
-75.6628351145;1.6500;149.0
-75.6614352768;1.6500;150.0
-75.6600264476;1.6500;151.0
-75.6586099666;1.6500;152.0
-75.6571872744;1.6500;153.0
-75.6557599239;1.6500;154.0
-75.6543295913;1.6500;155.0
-75.6528980897;1.6500;156.0
-75.6514673847;1.6500;157.0
-75.6500396108;1.6500;158.0
-75.6486170916;1.6500;159.0
-75.6472023618;1.6500;160.0
-75.7093735849;1.6500;70.0
-75.7089884624;1.6500;71.0
-75.7086658789;1.6500;72.0
-75.7083998286;1.6500;73.0
-75.7081843761;1.6500;74.0
-75.7080137048;1.6500;75.0
-75.7078821601;1.6500;76.0
-75.7077842867;1.6500;77.0
-75.7077148598;1.6500;78.0
-75.7076689087;1.6500;79.0
-75.707641735;1.6500;80.0
-75.7076289235;1.6500;81.0
-75.7076263487;1.6500;82.0
-75.7076301746;1.6500;83.0
-75.7076368519;1.6500;84.0
-75.7076431107;1.6500;85.0
-75.7076459504;1.6500;86.0
-75.7076426283;1.6500;87.0
-75.7076306457;1.6500;88.0
-75.7076077339;1.6500;89.0
-75.7075718392;1.6500;90.0
-75.7075211084;1.6500;91.0
-75.7074538734;1.6500;92.0
-75.7073686378;1.6500;93.0
-75.7072640624;1.6500;94.0
-75.7071389525;1.6500;95.0
-75.7069922458;1.6500;96.0
-75.7068230006;1.6500;97.0
-75.7066303856;1.6500;98.0
-75.7064136695;1.6500;99.0
-75.6833426158;1.7000;100.0
-75.6830770756;1.7000;101.0
-75.6827885279;1.7000;102.0
-75.6824764366;1.7000;103.0
-75.6821403382;1.7000;104.0
-75.6817798361;1.7000;105.0
-75.6813945939;1.7000;106.0
-75.6809843305;1.7000;107.0
-75.6805488148;1.7000;108.0
-75.6800878612;1.7000;109.0
-75.6796013263;1.7000;110.0
-75.6790891049;1.7000;111.0
-75.6785511269;1.7000;112.0
-75.677987355;1.7000;113.0
-75.6773977817;1.7000;114.0
-75.6767824278;1.7000;115.0
-75.6761413398;1.7000;116.0
-75.6754745892;1.7000;117.0
-75.6747822704;1.7000;118.0
-75.6740644998;1.7000;119.0
-75.6733214148;1.7000;120.0
-75.6725531732;1.7000;121.0
-75.6717599522;1.7000;122.0
-75.6709419482;1.7000;123.0
-75.6700993765;1.7000;124.0
-75.669232471;1.7000;125.0
-75.668341484;1.7000;126.0
-75.6674266867;1.7000;127.0
-75.666488369;1.7000;128.0
-75.6655268401;1.7000;129.0
-75.6645424289;1.7000;130.0
-75.6635354847;1.7000;131.0
-75.6625063775;1.7000;132.0
-75.6614554996;1.7000;133.0
-75.6603832659;1.7000;134.0
-75.6592901156;1.7000;135.0
-75.6581765132;1.7000;136.0
-75.6570429502;1.7000;137.0
-75.6558899466;1.7000;138.0
-75.654718053;1.7000;139.0
-75.6535278527;1.7000;140.0
-75.6523199638;1.7000;141.0
-75.6510950422;1.7000;142.0
-75.6498537843;1.7000;143.0
-75.6485969301;1.7000;144.0
-75.6473252673;1.7000;145.0
-75.6460396349;1.7000;146.0
-75.6447409277;1.7000;147.0
-75.6434301016;1.7000;148.0
-75.6421081789;1.7000;149.0
-75.6407762548;1.7000;150.0
-75.6394355041;1.7000;151.0
-75.6380871891;1.7000;152.0
-75.6367326687;1.7000;153.0
-75.6353734081;1.7000;154.0
-75.6340109897;1.7000;155.0
-75.6326471263;1.7000;156.0
-75.6312836752;1.7000;157.0
-75.6299226544;1.7000;158.0
-75.628566261;1.7000;159.0
-75.6272168929;1.7000;160.0
-75.6891098348;1.7000;70.0
-75.6885077628;1.7000;71.0
-75.6879793101;1.7000;72.0
-75.6875186865;1.7000;73.0
-75.687120069;1.7000;74.0
-75.68677765;1.7000;75.0
-75.6864856834;1.7000;76.0
-75.6862385296;1.7000;77.0
-75.6860306966;1.7000;78.0
-75.6858568759;1.7000;79.0
-75.6857119745;1.7000;80.0
-75.6855911396;1.7000;81.0
-75.6854897782;1.7000;82.0
-75.6854035701;1.7000;83.0
-75.6853284755;1.7000;84.0
-75.6852607372;1.7000;85.0
-75.6851968785;1.7000;86.0
-75.6851336971;1.7000;87.0
-75.6850682562;1.7000;88.0
-75.6849978729;1.7000;89.0
-75.6849201054;1.7000;90.0
-75.6848327389;1.7000;91.0
-75.6847337706;1.7000;92.0
-75.6846213954;1.7000;93.0
-75.6844939905;1.7000;94.0
-75.6843501018;1.7000;95.0
-75.6841884295;1.7000;96.0
-75.6840078155;1.7000;97.0
-75.6838072312;1.7000;98.0
-75.6835857658;1.7000;99.0
-75.6612983592;1.7500;100.0
-75.6610351259;1.7500;101.0
-75.6607518123;1.7500;102.0
-75.6604477285;1.7500;103.0
-75.6601222726;1.7500;104.0
-75.6597749225;1.7500;105.0
-75.6594052286;1.7500;106.0
-75.6590128069;1.7500;107.0
-75.6585973334;1.7500;108.0
-75.6581585378;1.7500;109.0
-75.6576961998;1.7500;110.0
-75.6572101438;1.7500;111.0
-75.6567002356;1.7500;112.0
-75.6561663788;1.7500;113.0
-75.6556085117;1.7500;114.0
-75.655026605;1.7500;115.0
-75.654420659;1.7500;116.0
-75.6537907018;1.7500;117.0
-75.6531367876;1.7500;118.0
-75.6524589951;1.7500;119.0
-75.6517574263;1.7500;120.0
-75.6510322052;1.7500;121.0
-75.6502834773;1.7500;122.0
-75.6495114086;1.7500;123.0
-75.648716185;1.7500;124.0
-75.6478980125;1.7500;125.0
-75.6470571163;1.7500;126.0
-75.6461937411;1.7500;127.0
-75.6453081511;1.7500;128.0
-75.6444006304;1.7500;129.0
-75.6434714828;1.7500;130.0
-75.6425210332;1.7500;131.0
-75.6415496272;1.7500;132.0
-75.6405576328;1.7500;133.0
-75.6395454405;1.7500;134.0
-75.6385134653;1.7500;135.0
-75.637462147;1.7500;136.0
-75.6363919523;1.7500;137.0
-75.6353033761;1.7500;138.0
-75.6341969434;1.7500;139.0
-75.6330732114;1.7500;140.0
-75.6319327715;1.7500;141.0
-75.6307762522;1.7500;142.0
-75.6296043216;1.7500;143.0
-75.6284176906;1.7500;144.0
-75.6272171167;1.7500;145.0
-75.6260034073;1.7500;146.0
-75.6247774244;1.7500;147.0
-75.6235400895;1.7500;148.0
-75.6222923885;1.7500;149.0
-75.621035378;1.7500;150.0
-75.6197701919;1.7500;151.0
-75.6184980489;1.7500;152.0
-75.6172202605;1.7500;153.0
-75.6159382408;1.7500;154.0
-75.6146535168;1.7500;155.0
-75.61336774;1.7500;156.0
-75.6120827003;1.7500;157.0
-75.6108003405;1.7500;158.0
-75.6095227739;1.7500;159.0
-75.6082523035;1.7500;160.0
-75.6698865399;1.7500;70.0
-75.6690555295;1.7500;71.0
-75.6683074354;1.7500;72.0
-75.66763704;1.7500;73.0
-75.6670390077;1.7500;74.0
-75.6665079185;1.7500;75.0
-75.6660383041;1.7500;76.0
-75.665624687;1.7500;77.0
-75.6652616197;1.7500;78.0
-75.664943726;1.7500;79.0
-75.6646657394;1.7500;80.0
-75.6644225404;1.7500;81.0
-75.6642091903;1.7500;82.0
-75.6640209592;1.7500;83.0
-75.6638533502;1.7500;84.0
-75.6637021169;1.7500;85.0
-75.6635632755;1.7500;86.0
-75.663433111;1.7500;87.0
-75.6633081792;1.7500;88.0
-75.6631853033;1.7500;89.0
-75.6630615677;1.7500;90.0
-75.6629343077;1.7500;91.0
-75.6628010986;1.7500;92.0
-75.662659742;1.7500;93.0
-75.6625082517;1.7500;94.0
-75.662344839;1.7500;95.0
-75.6621678984;1.7500;96.0
-75.6619759928;1.7500;97.0
-75.66176784;1.7500;98.0
-75.6615422993;1.7500;99.0
-75.6400365277;1.8000;100.0
-75.6397758877;1.8000;101.0
-75.6394983708;1.8000;102.0
-75.6392030857;1.8000;103.0
-75.6388892504;1.8000;104.0
-75.6385561818;1.8000;105.0
-75.6382032867;1.8000;106.0
-75.6378300525;1.8000;107.0
-75.6374360404;1.8000;108.0
-75.6370208778;1.8000;109.0
-75.6365842526;1.8000;110.0
-75.6361259069;1.8000;111.0
-75.6356456332;1.8000;112.0
-75.6351432689;1.8000;113.0
-75.6346186929;1.8000;114.0
-75.6340718224;1.8000;115.0
-75.6335026094;1.8000;116.0
-75.6329110385;1.8000;117.0
-75.6322971241;1.8000;118.0
-75.6316609092;1.8000;119.0
-75.6310024627;1.8000;120.0
-75.630321879;1.8000;121.0
-75.629619276;1.8000;122.0
-75.6288947945;1.8000;123.0
-75.6281485974;1.8000;124.0
-75.6273808692;1.8000;125.0
-75.6265918152;1.8000;126.0
-75.6257816617;1.8000;127.0
-75.6249506558;1.8000;128.0
-75.6240990654;1.8000;129.0
-75.6232271796;1.8000;130.0
-75.6223353088;1.8000;131.0
-75.6214237856;1.8000;132.0
-75.6204929654;1.8000;133.0
-75.619543227;1.8000;134.0
-75.6185749739;1.8000;135.0
-75.6175886356;1.8000;136.0
-75.6165846686;1.8000;137.0
-75.6155635581;1.8000;138.0
-75.6145258201;1.8000;139.0
-75.6134720026;1.8000;140.0
-75.6124026888;1.8000;141.0
-75.6113184989;1.8000;142.0
-75.6102200927;1.8000;143.0
-75.6091081734;1.8000;144.0
-75.6079834902;1.8000;145.0
-75.6068468427;1.8000;146.0
-75.6056990843;1.8000;147.0
-75.6045411275;1.8000;148.0
-75.6033739487;1.8000;149.0
-75.6021985937;1.8000;150.0
-75.6010161844;1.8000;151.0
-75.5998279253;1.8000;152.0
-75.5986351115;1.8000;153.0
-75.5974391374;1.8000;154.0
-75.5962415061;1.8000;155.0
-75.5950438402;1.8000;156.0
-75.5938478942;1.8000;157.0
-75.5926555673;1.8000;158.0
-75.591468919;1.8000;159.0
-75.5902901859;1.8000;160.0
-75.6517677502;1.8000;70.0
-75.6507012401;1.8000;71.0
-75.649724183;1.8000;72.0
-75.6488321502;1.8000;73.0
-75.6480205703;1.8000;74.0
-75.647284742;1.8000;75.0
-75.6466198496;1.8000;76.0
-75.6460209823;1.8000;77.0
-75.6454831575;1.8000;78.0
-75.6450013467;1.8000;79.0
-75.644570507;1.8000;80.0
-75.6441856136;1.8000;81.0
-75.6438416955;1.8000;82.0
-75.6435338716;1.8000;83.0
-75.6432573862;1.8000;84.0
-75.6430076421;1.8000;85.0
-75.64278023;1.8000;86.0
-75.642570954;1.8000;87.0
-75.6423758511;1.8000;88.0
-75.6421912047;1.8000;89.0
-75.6420135533;1.8000;90.0
-75.641839693;1.8000;91.0
-75.6416666758;1.8000;92.0
-75.6414918034;1.8000;93.0
-75.6413126186;1.8000;94.0
-75.6411268934;1.8000;95.0
-75.6409326162;1.8000;96.0
-75.6407279776;1.8000;97.0
-75.6405113558;1.8000;98.0
-75.6402813023;1.8000;99.0
-75.6195492001;1.8500;100.0
-75.6192904506;1.8500;101.0
-75.6190185348;1.8500;102.0
-75.618732277;1.8500;103.0
-75.6184306422;1.8500;104.0
-75.6181127237;1.8500;105.0
-75.6177777303;1.8500;106.0
-75.6174249753;1.8500;107.0
-75.6170538664;1.8500;108.0
-75.6166638964;1.8500;109.0
-75.6162546345;1.8500;110.0
-75.6158257194;1.8500;111.0
-75.6153768519;1.8500;112.0
-75.6149077899;1.8500;113.0
-75.6144183423;1.8500;114.0
-75.613908365;1.8500;115.0
-75.6133777562;1.8500;116.0
-75.6128264537;1.8500;117.0
-75.6122544309;1.8500;118.0
-75.6116616951;1.8500;119.0
-75.6110482841;1.8500;120.0
-75.6104142652;1.8500;121.0
-75.609759733;1.8500;122.0
-75.6090848082;1.8500;123.0
-75.6083896365;1.8500;124.0
-75.6076743877;1.8500;125.0
-75.6069392551;1.8500;126.0
-75.6061844549;1.8500;127.0
-75.6054102261;1.8500;128.0
-75.6046168304;1.8500;129.0
-75.6038045522;1.8500;130.0
-75.6029736991;1.8500;131.0
-75.6021246023;1.8500;132.0
-75.6012576169;1.8500;133.0
-75.6003731231;1.8500;134.0
-75.599471527;1.8500;135.0
-75.5985532618;1.8500;136.0
-75.5976187891;1.8500;137.0
-75.5966686002;1.8500;138.0
-75.5957032183;1.8500;139.0
-75.5947231999;1.8500;140.0
-75.5937291372;1.8500;141.0
-75.5927216606;1.8500;142.0
-75.5917014412;1.8500;143.0
-75.5906691936;1.8500;144.0
-75.5896256794;1.8500;145.0
-75.5885717105;1.8500;146.0
-75.5875081532;1.8500;147.0
-75.5864359322;1.8500;148.0
-75.5853560357;1.8500;149.0
-75.5842695203;1.8500;150.0
-75.5831775167;1.8500;151.0
-75.5820812361;1.8500;152.0
-75.5809819766;1.8500;153.0
-75.5798811315;1.8500;154.0
-75.578780197;1.8500;155.0
-75.5776807815;1.8500;156.0
-75.5765846158;1.8500;157.0
-75.5754935642;1.8500;158.0
-75.5744096368;1.8500;159.0
-75.573335003;1.8500;160.0
-75.6347976943;1.8500;70.0
-75.6334977973;1.8500;71.0
-75.6322907039;1.8500;72.0
-75.6311727434;1.8500;73.0
-75.6301401391;1.8500;74.0
-75.6291890092;1.8500;75.0
-75.6283153674;1.8500;76.0
-75.6275151249;1.8500;77.0
-75.6267840933;1.8500;78.0
-75.6261179897;1.8500;79.0
-75.6255124447;1.8500;80.0
-75.624963014;1.8500;81.0
-75.6244651937;1.8500;82.0
-75.6240144412;1.8500;83.0
-75.6236061994;1.8500;84.0
-75.6232359265;1.8500;85.0
-75.6228991282;1.8500;86.0
-75.6225913919;1.8500;87.0
-75.6223084221;1.8500;88.0
-75.6220460733;1.8500;89.0
-75.6218003802;1.8500;90.0
-75.621567583;1.8500;91.0
-75.621344147;1.8500;92.0
-75.6211267761;1.8500;93.0
-75.6209124199;1.8500;94.0
-75.6206982754;1.8500;95.0
-75.6204817836;1.8500;96.0
-75.6202606218;1.8500;97.0
-75.6200326933;1.8500;98.0
-75.6197961142;1.8500;99.0
-75.59982614;1.9000;100.0
-75.5995670009;1.9000;101.0
-75.5992994013;1.9000;102.0
-75.5990217198;1.9000;103.0
-75.5987325266;1.9000;104.0
-75.5984305673;1.9000;105.0
-75.5981147468;1.9000;106.0
-75.5977841138;1.9000;107.0
-75.5974378466;1.9000;108.0
-75.5970752399;1.9000;109.0
-75.5966956926;1.9000;110.0
-75.596298697;1.9000;111.0
-75.5958838289;1.9000;112.0
-75.5954507391;1.9000;113.0
-75.5949991458;1.9000;114.0
-75.5945288277;1.9000;115.0
-75.594039618;1.9000;116.0
-75.5935313999;1.9000;117.0
-75.5930041013;1.9000;118.0
-75.5924576916;1.9000;119.0
-75.5918921782;1.9000;120.0
-75.5913076034;1.9000;121.0
-75.5907040425;1.9000;122.0
-75.5900816015;1.9000;123.0
-75.5894404156;1.9000;124.0
-75.5887806477;1.9000;125.0
-75.5881024876;1.9000;126.0
-75.5874061509;1.9000;127.0
-75.586691879;1.9000;128.0
-75.5859599382;1.9000;129.0
-75.5852106202;1.9000;130.0
-75.5844442418;1.9000;131.0
-75.5836611452;1.9000;132.0
-75.5828616988;1.9000;133.0
-75.5820462977;1.9000;134.0
-75.5812153648;1.9000;135.0
-75.5803693512;1.9000;136.0
-75.5795087382;1.9000;137.0
-75.5786340383;1.9000;138.0
-75.5777457968;1.9000;139.0
-75.5768445937;1.9000;140.0
-75.5759310455;1.9000;141.0
-75.5750058077;1.9000;142.0
-75.574069577;1.9000;143.0
-75.5731230938;1.9000;144.0
-75.5721671456;1.9000;145.0
-75.5712025693;1.9000;146.0
-75.5702302556;1.9000;147.0
-75.5692511519;1.9000;148.0
-75.5682662666;1.9000;149.0
-75.5672766735;1.9000;150.0
-75.5662835165;1.9000;151.0
-75.5652880146;1.9000;152.0
-75.5642914673;1.9000;153.0
-75.5632952609;1.9000;154.0
-75.5623008746;1.9000;155.0
-75.5613098876;1.9000;156.0
-75.5603239869;1.9000;157.0
-75.5593449752;1.9000;158.0
-75.55837478;1.9000;159.0
-75.5574154632;1.9000;160.0
-75.6189921523;1.9000;70.0
-75.6174708974;1.9000;71.0
-75.6160430124;1.9000;72.0
-75.6147053614;1.9000;73.0
-75.6134547598;1.9000;74.0
-75.6122879743;1.9000;75.0
-75.6112017217;1.9000;76.0
-75.6101926679;1.9000;77.0
-75.6092574243;1.9000;78.0
-75.6083925448;1.9000;79.0
-75.6075945212;1.9000;80.0
-75.606859779;1.9000;81.0
-75.6061846727;1.9000;82.0
-75.6055654825;1.9000;83.0
-75.6049984125;1.9000;84.0
-75.6044795917;1.9000;85.0
-75.6040050792;1.9000;86.0
-75.603570874;1.9000;87.0
-75.6031729318;1.9000;88.0
-75.6028071879;1.9000;89.0
-75.6024695863;1.9000;90.0
-75.6021561145;1.9000;91.0
-75.6018628413;1.9000;92.0
-75.601585956;1.9000;93.0
-75.6013218046;1.9000;94.0
-75.6010669226;1.9000;95.0
-75.6008180604;1.9000;96.0
-75.6005722015;1.9000;97.0
-75.6003265728;1.9000;98.0
-75.6000786472;1.9000;99.0
